Image,TP,FP,FN,TN,IOU
1080,73009,7115,4548,28128,0.7068935186348672
1600,18869,205,15957,77769,0.8279375286114276
